ID,Class,Radius,Texture,Perimeter,Area,Smoothness,Compactness,Concavity,Concave_Points,Symmetry,Fractal_Dimension
842302,M,,,1.2688172627037921,0.983509520104142,1.5670874574786582,3.2806280641246857,2.650541786383573,2.530248864134298,2.215565541846305,2.25376381072807
842517,M,1.8282119737343598,-0.3533215225500966,1.684472552277101,1.9070302686337925,-0.826235446757039,-0.486643477616135,-0.023824891805531347,0.5476622708254778,0.001391139243576388,-0.8678888068037953
84300903,M,1.5784992020342323,,1.5651259839837746,1.5575131853441093,0.941382123037953,1.051999895332493,1.362279788963212,2.0354397832616953,0.9388587199172193,-0.39765801323729066
84348301,M,-0.7682333229203782,0.25350905052192196,-0.5921661228907633,-0.7637917361139566,3.280666839299224,3.3999174223523045,1.9142128745181868,1.4504311303550237,2.864862154141668,4.906601992505377
84358402,M,1.7487579100115918,-1.1508038465489563,1.7750113282237618,1.8246238018419159,0.2801253491403896,0.5388663067660666,1.3698061492207798,1.4272369546891206,-0.009552062087244153,-0.5619555194231786
843786,M,-0.4759558742259106,-0.8346009425727322,-0.3868077174481091,-0.5052059265256544,2.2354545192675923,1.2432415648720105,0.8655400119637346,0.8239306743126811,1.0045179279021434,1.888343495245663
844359,M,1.1698783028885684,0.16050819641126807,1.1371244976904666,1.0943320099277,-0.12302797430038338,0.08821762012839307,0.2998085992698855,0.646366373937044,-0.06426806874134787,-0.7616619709077471

